compoundID, comma-separated features, maxFeature=15808, affinity
77826,5,2,3,8,196,7,14,16,17,88,20,89,802,234,23,400,26,27,445,3368,32,201,33,34,38,207,41,43,411,91,49,3380,1896,1897,839,420,55,56,57,3372,3373,63,426,64,3381,843,807,429,3394,73,437,458,3378,76,231,441,8.886057
593923,5,2,3,8,196,7,14,13,16,17,88,20,89,23,292,400,26,27,445,3368,32,201,33,34,3369,38,512,207,41,43,45,411,91,49,3380,839,3371,420,55,56,57,514,3372,3373,63,426,64,3381,843,3382,429,3383,3377,73,437,458,3378,76,231,3379,441,9.431798
306774,10,15,4,5,2,8,1,14,6,3,11,7,16,2219,299,3166,902,24,26,27,28,29,30,403,904,303,3979,38,405,41,3674,905,43,44,3677,3980,906,1988,55,56,57,871,3981,421,3682,317,425,1993,5804,3982,70,6806,6807,6808,912,440,331,5.378824
555528,7,256,14,364,128,8,16,17,6740,88,948,3523,145,26,27,6809,6810,38,6811,3774,6812,161,6813,6814,163,6815,6816,6817,55,56,57,6818,6819,3527,6820,6821,6822,6823,6824,3.946487
555529,7,256,14,364,128,8,16,17,6740,88,948,3523,145,100,26,27,6809,6810,38,6811,3774,6812,161,6813,6814,163,6825,6816,417,6826,55,56,57,6818,6819,3527,6820,6821,6822,6823,6824,4.490467
556375,14,16,7,256,364,128,8,1044,1043,142,6740,1045,3523,26,27,148,6809,6810,1048,38,464,6811,1200,1049,3774,6812,161,162,6814,6827,1051,6816,6828,55,56,57,1053,1700,6829,6818,6819,1724,3527,6830,6820,1712,1058,6821,6822,6823,6824,1230,4.825750
93698,5,2,3,1267,8,7,196,14,16,17,88,20,282,89,23,24,400,26,27,32,1047,2828,201,33,81,202,1883,34,204,38,617,5778,41,5779,43,285,470,411,91,49,82,210,1884,286,471,212,839,53,420,55,56,57,851,618,2076,63,5780,381,5781,5782,426,64,382,222,2054,843,274,224,5783,70,429,620,5784,73,228,5785,5786,2078,76,1059,2845,231,1979,621,441,8.850781
51117,4,5,15,2,3,10,14,395,197,128,8,16,7,17,88,20,198,145,101,200,754,28,29,651,5893,445,3368,32,402,150,403,81,34,204,1532,336,1744,5895,5519,5896,1533,41,1745,756,208,306,43,163,82,1534,953,954,760,761,762,5899,5900,1746,5901,5902,6077,3373,381,5903,348,5904,382,3399,383,5906,764,1748,5907,5908,5909,1537,6078,5911,506,457,766,767,5912,458,3378,76,439,191,440,8.795880
967696,14,5,8,3,141,17,1044,1043,7,16,128,9,116,2,267,20,522,2744,23,1839,26,27,922,1983,33,34,2543,574,2745,2746,623,1049,41,625,1768,1769,2747,2748,43,1770,2544,49,2749,2750,2751,839,2545,2546,2547,600,1125,2752,2753,64,2754,2755,2756,2757,2758,876,2759,1998,2760,2761,2762,2763,2764,936,2002,2765,8.619789
75282,2,5,3,752,8,7,196,13,14,16,17,753,20,23,400,26,27,32,201,755,33,34,38,41,43,757,411,758,49,759,839,420,55,56,57,63,426,763,64,843,429,765,73,437,76,231,768,441,8.214670
254483,5,2,3,8,196,7,128,14,256,16,17,2109,20,948,3657,100,101,802,23,400,26,27,200,754,2781,32,201,33,34,38,41,756,43,411,6831,49,2118,3659,6832,2252,803,804,839,420,55,56,57,1555,1556,1794,3663,63,426,64,2786,843,807,4574,73,437,766,2787,76,231,441,5.769551
165398,10,15,4,5,2,8,1,14,6,3,7,16,196,17,299,282,802,234,24,26,27,28,29,30,445,3368,403,34,303,38,617,405,207,41,3674,43,44,470,3677,471,1896,1897,53,55,56,57,871,618,421,3682,317,3372,3373,425,454,5804,807,70,620,6806,3394,457,6808,458,3378,440,331,621,5.586700
94297,5,2,3,1267,266,8,196,7,2161,14,17,16,20,100,101,2162,23,400,26,27,4206,32,2163,2828,201,33,81,1883,34,204,38,339,5778,41,5779,2164,43,411,49,82,1884,110,2168,3154,839,420,55,56,57,5847,63,381,5802,2170,5782,426,64,382,5848,113,843,383,429,4211,2171,5784,2077,73,228,5785,5786,437,2172,4212,76,2845,231,441,9.920819
371224,14,16,7,196,5,2,8,3,17,4,128,266,20,100,234,3619,23,24,400,1691,772,26,27,445,3368,32,201,33,34,38,6833,4115,270,207,41,3774,780,43,161,411,49,680,6834,3622,839,53,420,6835,6836,55,56,57,3372,3373,63,426,64,843,454,70,429,6837,6838,6839,3394,73,437,6840,6841,458,3378,76,231,4130,441,6.356547
69662,4,14,10,15,5,2,3,7,8,196,16,17,20,24,6842,400,26,27,2222,2766,32,201,33,34,38,2712,5125,1006,41,1745,160,43,161,411,49,6843,53,420,55,56,57,6844,6845,2726,426,6846,274,70,429,6847,2770,6848,2772,437,6849,76,231,2737,5135,441,5.341989
537229,266,5,3,8,2,17,15,7,11,6,14,16,10,1304,20,4651,988,24,292,26,27,28,29,1796,5247,368,4206,32,989,81,1883,34,204,1984,38,1466,339,207,41,43,467,1797,82,1884,6850,1419,53,6851,55,56,57,58,59,1471,4184,6852,5251,1420,994,2076,63,995,6853,1991,382,2054,997,6854,6855,6856,70,6857,4211,6858,6859,4186,6860,388,2077,228,6861,1805,5255,391,4212,76,1003,1005,4.906578
262690,5,3,2,8,7,196,14,16,17,20,802,234,23,24,400,26,27,445,3368,32,201,33,34,38,207,41,43,411,49,1896,1897,839,53,420,55,56,57,3372,3373,63,426,64,843,454,807,70,429,3394,73,437,458,3378,76,231,441,8.031517
557605,14,16,7,256,364,128,8,566,6740,567,3523,26,27,6809,6810,1646,38,464,6811,3774,6812,161,6814,6827,1647,6816,6828,55,56,2136,57,1207,6818,6819,1655,3527,3665,6820,6821,6822,6823,6824,5.293183
46119,5,14,2,3,11,8,128,7,266,1428,16,17,1429,1955,24,3855,26,27,200,4206,150,34,1957,4722,38,526,339,41,208,1431,43,1432,2295,4723,53,4709,55,56,57,1888,217,1556,4648,851,4604,2950,4605,2299,4724,70,4649,4725,4211,353,4726,4331,4212,191,7.080922
351784,1,4,15,5,10,14,2,6,8,3,16,11,7,17,299,144,902,24,26,27,29,30,403,904,303,153,38,405,41,3674,905,43,44,3677,164,906,1988,55,56,57,871,850,6862,6863,425,1993,5804,852,70,6806,6807,6808,912,440,331,5.560667
504361,16,333,14,4,8,1267,196,17,9,10,5,2,256,2362,947,282,6864,6865,27,1661,2828,6866,1693,6867,574,623,617,6868,6869,6870,2829,625,6871,43,161,470,1663,6872,2374,471,6873,6874,6875,6876,600,1125,618,1667,6877,6878,6879,6880,6881,876,620,6882,6883,6884,6885,6886,6887,2845,1716,621,6888,5.397940
89648,5,2,3,8,196,7,14,16,17,88,20,282,89,802,234,23,400,26,27,445,3368,32,201,33,34,38,464,466,207,41,43,470,411,91,49,471,3380,1896,3395,839,420,55,56,57,1207,1611,3372,3373,63,426,64,3381,843,3396,429,3397,3394,73,437,458,3378,76,231,491,441,9.200659
284725,11,7,12,256,960,6,6889,6890,19,21,258,6891,964,6892,6893,48,261,6894,6895,6896,6897,5.065502
575542,17,7,960,256,6,6889,6890,88,948,963,145,964,6898,6899,163,6900,6901,6817,6902,6897,4.806875
63031,5,2,3,8,196,7,14,17,16,1304,20,101,802,23,400,26,27,6039,32,201,33,34,38,41,43,411,6040,49,803,804,839,420,55,56,57,6041,63,426,64,6042,843,807,429,73,437,6043,76,231,441,3.284833
968761,16,14,7,196,5,2,8,3,141,17,1044,1043,20,522,2744,400,26,27,922,201,81,204,38,1049,41,2747,2748,43,411,82,2749,2750,2751,420,55,56,57,2822,426,382,2823,429,2759,519,2763,2764,936,231,441,8.366532
89659,5,2,3,14,7,333,8,16,17,88,20,89,1832,1690,23,26,27,334,368,445,3368,32,33,34,2150,337,370,207,41,43,91,1833,49,3380,1834,3405,839,342,2156,343,376,377,3406,3372,3373,63,64,3381,843,3407,386,2159,3388,388,73,391,458,3378,76,9.455932
512060,16,333,14,4,8,1267,196,17,9,10,5,2,1304,282,6864,6865,27,1661,1606,2828,1693,154,6867,574,623,617,6868,6869,6870,2829,625,6871,43,161,470,1663,1607,471,6873,6874,6875,497,600,1125,618,1667,1608,6877,6879,4982,6880,6881,876,620,6882,6883,6884,6885,6886,6887,1610,2845,1716,621,6888,5.431798
115261,5,2,3,8,256,7,196,197,14,17,16,6903,20,198,3657,23,24,400,26,27,2781,32,201,33,34,38,6904,41,43,411,6905,49,6906,6907,839,53,420,55,56,57,3663,63,426,64,843,6908,70,429,6909,73,437,2787,76,231,441,6.951558
246853,5,2,3,14,11,333,8,7,266,16,1955,24,26,27,334,4206,150,34,2577,4600,38,526,337,370,339,41,43,4601,4602,53,55,56,342,2580,4603,57,1888,343,376,377,4604,2950,4605,4606,4607,70,4608,386,4609,4211,353,4212,191,7.004365
161859,10,15,4,5,2,8,1,14,6,16,17,3,11,7,299,144,902,24,26,27,28,29,30,403,904,303,153,38,405,41,3674,905,43,44,3677,164,906,1988,55,56,57,871,850,421,3682,317,425,1993,5804,852,70,6806,6807,6808,912,440,331,4.917215
48197,396,15,10,5,3,2,8,7,196,14,17,16,20,802,234,24,400,26,27,3430,445,3368,2805,201,1614,34,38,6910,6911,207,41,2808,43,411,1616,1896,1897,53,420,55,56,57,6912,3372,3373,6913,2811,6914,454,807,70,429,6915,6916,3394,6917,6918,458,3378,2820,231,441,5.341035
155745,3,5,2,11,8,196,7,14,16,17,20,902,24,400,26,27,32,1047,81,904,6919,38,41,905,43,411,82,906,1988,420,55,56,57,6920,6921,6922,1993,6923,70,429,911,912,76,1059,4587,7.698970
71244,1,2,5,11,3,4,1267,6,14,8,7,9,10,16,17,2826,20,2827,1956,101,802,23,26,27,30,31,32,2828,33,34,303,38,2829,2830,2831,41,2832,43,44,46,2833,49,2834,2835,803,804,839,55,56,311,57,61,2836,2837,63,2838,64,2839,843,2840,807,2841,2842,2843,73,2844,76,2845,2846,80,4.408935
142925,5,1044,1043,1267,141,196,8,3,7,15,17,10,20,522,2744,25,28,29,5819,5820,39,1049,5821,5822,43,5823,5824,5825,5826,5827,58,59,60,5828,5829,71,2759,5830,5831,5832,5833,10.113509
411205,14,128,4,15,333,16,7,8,196,5,2,197,142,566,11,17,567,282,4874,4651,5842,568,300,26,27,334,148,5622,368,201,570,6404,574,155,5274,1198,6924,1591,3671,879,207,625,6925,3675,43,161,285,411,241,577,286,6926,6927,6623,6928,6929,55,56,342,582,3309,4942,862,1210,6930,6931,6642,2029,585,6405,6932,6933,6934,6935,6936,6937,3689,5280,6938,4188,6939,6940,5630,391,231,193,6941,6942,883,5.136677
399952,10,196,5,2,8,7,14,16,3,15,9,24,400,1463,26,27,4059,32,201,34,38,3563,207,41,43,411,53,420,3564,55,56,57,6943,1394,426,274,70,429,6944,6945,437,76,231,441,2.992252
360018,396,15,10,5,3,2,8,7,196,14,17,16,20,802,234,24,400,26,27,3430,445,3368,2805,201,1614,34,38,6910,6911,207,41,2808,43,411,1616,1896,1897,53,420,55,56,57,6912,3372,3373,6913,2811,6914,454,807,70,429,6915,6916,3394,6917,6918,458,3378,2820,231,441,5.296709
967438,16,14,7,2,5,8,3,141,17,1044,1043,20,522,2744,23,199,26,27,922,1983,33,34,38,1049,207,41,2747,2748,43,49,2749,2750,2751,839,579,55,56,57,2752,2854,64,2754,586,2759,2855,1998,2763,2764,936,2002,9.187087
307286,116,10,15,4,5,2,8,1,14,6,3,11,7,16,566,3245,299,567,902,24,26,27,6946,5216,403,904,303,570,38,405,41,3674,905,43,44,6947,3677,577,906,1988,55,56,57,871,862,6948,6949,425,1993,5804,863,70,6950,6807,6951,912,440,331,6.638272
45655,5,2,3,14,11,8,7,266,1428,16,17,88,1955,4643,24,3855,26,27,4206,150,34,1957,2577,38,526,339,41,4644,43,4645,2295,4601,4646,53,4647,55,56,2580,57,1888,4648,851,4604,2950,4605,2299,4606,70,4649,4608,4211,353,4650,4212,191,7.207608
92761,5,2,3,233,8,196,7,9,14,10,16,17,88,20,89,100,234,235,23,400,26,27,236,31,445,3368,32,201,33,34,38,207,41,240,43,411,46,91,49,3380,680,1434,3453,839,420,55,56,57,245,246,3372,3373,63,426,64,3381,843,429,3394,73,437,252,458,3378,76,231,441,80,8.161151
967439,14,2,5,8,3,141,17,1044,1043,7,16,20,522,2744,23,26,27,922,1983,33,34,623,1049,41,625,2747,2748,43,49,2749,2750,2751,839,55,56,874,2752,2753,64,2754,876,2759,1998,2760,2763,2764,936,2002,8.886057
1106524,7,2,5,641,266,3,17,8,9,15,6,20,100,234,23,32,403,1909,654,33,34,6952,339,666,207,41,43,467,5726,49,1414,680,839,1394,6953,6954,691,64,843,6955,6956,716,717,3638,719,457,76,440,1916,1918,6957,4.795880
90717,5,2,4,14,3,16,8,196,7,17,88,20,1113,89,802,234,23,400,26,27,2652,445,3368,32,201,33,34,38,3454,207,41,2654,43,411,91,49,2656,3380,1896,3455,839,420,55,56,57,3456,3457,3458,3372,3373,63,426,64,3381,843,3459,429,3394,73,437,3460,458,3378,76,231,441,8.920819
278622,1,2,3,5,14,6,7,8,16,11,17,987,20,144,902,23,24,26,27,32,33,904,34,303,153,38,40,41,905,43,44,1089,49,164,906,839,1988,55,56,57,871,850,63,64,1993,3618,998,852,70,1095,911,912,76,1004,7.154902
135263,15,9,6958,256,196,520,5,7,8,17,6959,6960,88,1304,6961,300,2861,6962,2713,6963,6964,43,411,855,5726,6965,6966,6967,2862,6968,6969,5140,2863,6970,6971,6972,6973,6974,6975,2865,6976,6977,6978,3.356547
266337,5,2,3,1267,266,8,196,7,2161,14,17,16,88,20,282,89,100,101,2162,23,400,26,27,32,1047,2163,2828,201,33,81,202,34,204,38,339,5778,41,5779,2164,43,285,411,91,49,82,210,286,212,110,2168,3154,839,420,55,56,57,63,381,5802,5781,2170,5782,426,64,382,222,113,843,383,224,5783,429,2171,5784,73,228,5785,5786,437,2172,76,1059,2845,231,1979,441,10.055517
107618,14,5,364,3,2,16,333,7,641,8,266,96,5849,5850,100,101,802,234,1690,24,26,27,334,366,368,32,654,34,38,2150,574,370,1513,339,666,207,41,1752,43,5851,5852,110,680,1341,1896,1897,5063,4618,55,56,342,57,582,376,3552,851,600,3553,3406,1394,63,691,5853,113,274,807,5315,4386,1036,3555,3556,716,717,3638,719,388,73,1765,391,76,6.251812
249019,5,2,3,8,7,6,17,88,1304,20,145,100,101,23,1796,32,989,33,34,41,43,467,163,1797,49,417,983,110,839,1799,63,995,64,1821,843,3155,73,1805,76,1003,1005,9.000000
30309,15,364,14,2,5,396,196,8,7,10,17,16,1304,400,26,27,28,1311,2861,2805,201,38,658,2714,2806,2807,1745,2808,669,43,161,411,855,2862,420,55,56,57,58,2723,2809,2863,2810,2811,429,2812,2814,2864,2816,2817,2818,2819,2865,2820,231,730,441,2866,5.366532
76902,5,3,2,8,7,196,14,16,17,88,20,145,234,23,24,400,26,27,445,3368,32,201,33,34,38,207,41,43,411,163,49,4659,4660,839,53,420,55,56,57,3372,3373,63,426,64,843,454,70,429,3394,73,437,458,3378,76,231,441,8.522879
64616,5,2,3,14,8,7,16,643,13,17,20,101,802,2867,23,1193,26,27,2781,32,150,33,34,38,154,667,41,43,468,49,803,804,2868,839,1238,55,56,57,851,497,2869,63,175,64,2786,843,807,1743,502,1225,73,353,2787,76,191,2870,5.709965
61036,5,2,3,14,16,8,7,266,13,17,88,20,89,101,802,2867,26,27,148,2781,32,1025,150,202,34,204,38,154,339,41,43,468,91,210,212,803,804,2868,55,56,57,1009,313,171,2869,381,1032,175,222,2786,224,807,1035,2730,1039,73,506,2787,76,1041,191,2870,5.841638
301074,10,15,4,5,2,8,1,14,6,3,11,7,16,299,902,24,26,27,28,29,30,403,904,303,38,405,41,3674,905,43,44,3677,906,1988,55,56,311,57,421,3682,317,425,1993,5804,70,6806,6807,6808,912,440,331,5.607303
163950,14,16,3,5,7,17,8,2,1044,1043,128,116,4,10,233,197,267,20,198,2871,2872,23,268,26,27,148,30,236,32,33,1510,512,574,2435,2873,2874,1049,207,1768,1382,2875,43,2876,49,2877,2878,2879,2880,2439,514,582,313,2881,2882,2883,2884,2885,64,2886,2887,2442,1037,2510,2888,2889,2890,2891,2892,2893,2894,76,4.431798
90223,5,3,2,8,7,128,196,14,16,17,20,23,24,199,400,26,27,200,445,3368,32,201,33,34,38,205,207,41,208,43,411,49,839,53,420,214,55,56,215,57,216,217,3372,3373,63,426,64,843,454,70,225,429,3403,73,437,230,458,3378,76,231,441,9.096910
92786,5,2,3,8,128,196,7,14,16,17,88,20,89,802,234,23,400,26,27,200,445,3368,32,201,33,34,38,205,207,41,208,43,411,91,49,3380,1896,3462,839,420,55,56,215,57,216,217,3372,3373,63,426,64,3381,843,3463,429,3394,73,437,230,458,3378,76,231,441,9.698970
392211,2,5,8,4,10,9,3,11,1,6,14,16,7,17,2826,20,2827,3081,101,802,23,26,27,30,31,32,955,33,904,34,303,38,41,530,43,44,46,2833,49,3083,3084,803,3086,839,55,56,311,57,61,901,63,956,64,3088,843,2840,807,911,957,958,76,959,2846,80,7.193820
229492,15,364,14,2,5,196,3,8,7,17,16,1304,20,23,400,26,27,2861,32,201,33,34,38,658,2714,2806,41,1745,669,43,161,411,855,2862,49,839,420,55,56,57,2863,2726,426,64,843,429,2812,2814,2864,2736,437,2819,2865,76,231,730,441,2866,5.677781
117950,1,4,15,5,14,2,6,8,3,16,10,11,7,17,299,144,902,24,26,27,28,29,30,403,904,303,153,38,405,41,3674,905,43,44,3677,164,906,1988,55,56,57,871,850,59,885,421,3682,425,1993,5804,852,70,6806,6807,6808,912,440,331,5.279014
281719,5,3,2,4,14,8,196,7,16,10,17,20,101,802,23,292,400,26,27,28,30,32,201,33,5022,34,38,623,1236,1117,41,1382,43,411,49,803,5864,839,5775,420,55,56,57,1125,1701,58,885,5859,63,426,64,5865,843,807,429,1131,3037,5777,5034,437,3038,76,231,441,6.181774
529528,266,5,3,8,2,17,15,7,11,6,14,16,10,20,4651,283,988,24,26,27,28,29,5247,335,368,4206,32,989,81,1883,34,204,1984,38,1466,339,207,41,43,467,82,1884,6850,341,1419,53,55,56,57,58,59,1471,6852,5251,347,1420,994,2076,63,995,6853,1991,382,2054,289,997,6855,6856,70,6857,352,4211,6858,6859,6860,388,2077,228,6861,5255,355,391,4212,76,1003,1005,4.653647
1099387,16,14,7,196,5,2,8,3,17,11,88,20,4651,1046,24,400,26,27,6979,5622,32,201,1883,34,38,41,43,411,1050,1884,6980,6981,1052,53,420,55,56,57,6982,6983,63,426,6984,274,70,429,2077,437,6985,5630,76,231,6986,441,6.548727
1099388,16,14,7,196,5,2,8,3,17,11,20,282,4651,24,400,26,27,6979,5622,32,201,1883,34,38,41,43,285,411,1884,286,6980,6981,53,420,55,56,57,6982,6931,63,426,6984,274,70,429,2077,437,6985,5630,76,231,6941,441,6.903090
91774,5,2,3,8,128,196,7,14,16,17,88,20,145,101,23,199,400,26,27,200,445,3368,32,201,33,34,38,205,207,41,208,43,411,163,49,953,954,839,420,214,55,56,215,57,216,217,3372,3373,63,426,64,3399,843,225,429,3403,73,437,230,458,3378,76,231,441,9.124939
91775,5,3,2,233,8,7,14,9,10,16,17,20,100,234,235,23,24,26,27,236,31,445,3368,32,33,34,3390,38,512,207,41,240,43,46,49,680,1434,3453,839,53,55,56,57,514,245,246,3372,3373,63,3391,64,843,454,3392,70,3393,3394,73,252,458,3378,76,80,8.420216
332929,5,3,2,8,7,196,14,16,17,20,23,24,199,400,26,27,445,3368,32,201,33,34,38,207,41,43,411,49,839,53,579,420,55,56,57,3372,3373,63,426,64,843,454,70,586,429,3403,73,437,458,3378,76,231,441,8.337242
92292,5,3,2,233,395,10,8,7,16,196,14,17,20,100,234,235,23,24,400,769,3492,26,27,651,236,3493,445,3368,32,201,33,34,38,3494,207,41,240,43,411,49,680,1434,3453,839,53,420,3495,3496,55,56,57,3497,3498,3499,3372,3373,63,426,64,843,454,70,429,3500,3501,3394,73,437,3502,458,3378,76,231,441,8.346787
968325,16,14,7,196,5,2,8,3,141,17,1044,1043,20,522,2744,400,26,27,922,201,1883,38,1049,41,2747,2748,43,411,1884,2749,2750,2751,420,55,56,57,2907,426,2908,429,2759,2078,2763,2764,936,231,441,7.259637
93321,5,2,3,8,196,7,14,13,16,17,88,20,89,234,979,23,400,26,27,445,3368,32,201,33,34,38,207,41,43,468,411,91,49,3380,3508,3509,839,420,55,56,57,3372,3373,63,426,64,3381,843,429,3394,73,437,458,3378,76,231,982,441,8.346787
371223,128,16,4,333,14,266,7,196,5,2,8,3,17,20,282,100,234,3619,23,24,400,26,27,2365,445,3368,32,201,33,34,38,4316,6987,2368,4463,270,207,41,1149,1768,340,2369,43,470,411,49,471,680,6988,3622,839,53,420,55,56,57,2379,3372,3373,63,426,64,843,454,70,429,6989,6990,6991,6992,4328,3394,73,437,2387,6993,6994,6995,458,3378,76,231,6996,441,5.630784
558342,15,7,256,14,364,128,8,16,10,6740,3523,6997,26,27,28,29,6809,6810,38,6811,39,3774,6812,161,6814,6998,6816,6999,55,56,57,60,2598,6818,6819,3527,6820,7000,6821,6822,6823,6824,4.730627
248973,4,5,15,2,3,10,14,395,197,128,8,16,7,17,88,20,198,145,89,101,200,754,28,651,5893,445,3368,32,402,150,403,81,5894,34,204,1532,336,5895,5519,5896,1533,41,756,208,306,43,163,91,82,5897,1534,953,5898,954,760,761,762,5899,5900,5901,5902,4596,3373,381,5903,348,5904,382,5905,3399,383,5906,764,5907,5908,5909,1537,5910,5911,506,457,766,767,5912,458,3378,76,439,191,440,8.431798
80015,4,5,14,3,2,10,15,8,7,196,16,17,20,23,400,26,27,29,30,2766,32,402,201,33,34,38,2712,1006,41,1745,530,43,161,411,49,839,420,55,56,57,538,1016,2768,2726,1093,426,64,843,2769,429,2770,2771,2772,437,2773,76,439,231,2737,441,6.356547
302224,141,5,2,3,11,8,7,14,16,17,196,20,902,146,736,24,400,26,27,4737,6095,904,38,41,4788,905,43,2782,6097,906,7001,7002,1988,3031,55,56,57,7003,6588,1993,70,429,7004,7005,912,4741,7006,4.655608
91794,5,2,3,233,395,10,8,16,196,7,14,17,88,20,89,100,234,235,23,400,769,3492,26,27,651,236,3493,445,3368,32,201,33,34,38,3494,207,41,240,43,411,91,49,3380,680,1434,3453,839,420,3495,3496,55,56,57,3497,3498,3499,3372,3373,63,426,64,3381,843,429,3500,3501,3394,73,437,3502,458,3378,76,231,441,8.096910
425107,14,16,7,196,5,2,8,3,17,1428,20,1429,100,234,1430,23,24,400,26,27,445,3368,32,201,33,34,38,207,41,1431,43,411,49,1432,680,1433,7007,839,53,420,55,56,57,3372,3373,63,426,64,843,454,70,429,3394,73,437,1436,458,3378,76,231,441,4.122053
56516,1,5,2,3,6,8,256,11,17,7,14,16,2109,1827,868,902,2110,3523,24,26,27,32,904,34,38,40,41,905,43,44,3524,1828,1829,906,2119,3525,1988,55,56,57,63,1993,3526,3527,70,3528,911,912,76,1831,7.387216
268960,5,2,3,1267,8,7,196,14,17,16,88,20,89,23,199,400,26,27,32,2828,201,33,81,202,1883,34,204,38,5778,207,41,5779,43,411,91,49,82,210,1884,212,839,579,420,55,56,57,2076,63,5780,219,381,5782,426,64,382,222,2054,843,383,224,586,429,5784,227,73,228,5785,5786,2078,76,2845,231,441,9.602060
284322,128,5,3,15,2,4,16,333,7,14,8,196,10,101,802,25,292,400,129,26,27,334,28,30,32,201,5022,34,38,623,1236,5918,1485,5919,1117,41,5920,1382,43,411,803,5864,5775,5921,420,5922,55,56,342,57,1636,5923,1125,1701,58,885,5859,63,426,5865,137,807,429,1131,3037,5924,5925,5926,5777,5034,437,5927,3038,76,231,441,5.473402
161956,116,10,15,4,5,2,8,1,14,6,3,11,7,16,2219,3245,299,3166,902,24,26,27,6946,5216,403,904,303,3979,38,405,41,3674,905,43,44,6947,3677,3980,906,1988,55,56,57,871,3981,6948,6949,425,1993,5804,3982,70,6950,6807,6951,912,440,331,6.958607
508358,16,333,14,4,8,266,196,17,9,10,282,6864,6865,27,1661,1693,6867,574,617,6868,6869,6870,7008,7009,161,470,1663,471,6873,6874,6875,600,618,1667,7010,6880,7011,620,6882,6883,6884,7012,7013,1716,621,6888,4.787812
93866,5,2,3,14,7,1267,333,8,196,16,17,88,20,282,89,23,24,400,26,27,334,32,1047,2828,201,33,81,202,1883,34,204,38,2150,337,370,5778,41,5779,43,285,411,91,49,82,210,1884,286,212,839,4618,420,55,56,342,57,2156,343,376,377,2076,63,5780,381,5781,5782,426,64,382,222,2054,843,274,224,5783,4149,429,386,2159,5784,73,228,5785,5786,2078,76,1059,2845,231,1979,441,8.801343
159915,10,15,4,5,2,8,1,14,6,3,11,7,16,196,17,299,282,902,24,26,27,28,29,30,403,904,303,38,617,405,41,3674,905,43,44,470,3677,471,906,1988,55,56,57,871,618,421,3682,317,425,1993,5804,70,620,6806,6807,6808,912,440,331,621,5.829738
556716,5,7,256,14,364,128,8,16,6,6740,3657,3523,26,27,463,6809,6810,38,6811,3774,6812,43,161,467,7014,6814,7015,6816,55,56,57,7016,6818,6819,3527,6820,6821,6822,6823,487,6824,488,3.353252
555634,14,16,7,256,364,128,8,566,6740,567,3523,26,27,148,6809,6810,570,38,6811,3774,6812,161,6814,6827,577,6816,55,56,581,57,313,4450,6818,6819,585,3527,7017,6820,6821,6822,6823,6824,5.307197
523438,16,333,14,128,9,10,266,17,144,27,523,3189,1661,2504,574,7018,1272,1662,337,370,270,1768,1663,2505,600,2972,7019,7020,7021,1667,7022,7023,7024,2973,7025,6285,7026,1296,7027,1671,5.161151
525453,16,14,7,196,5,2,8,3,141,17,1044,1043,20,522,2744,23,400,26,27,922,201,33,34,38,1049,41,2747,2748,43,411,49,2749,2750,2751,839,420,55,56,57,2752,426,64,2754,429,2759,437,2763,2764,936,231,441,9.366532
123569,5,4,2,3,14,8,196,7,16,10,101,802,292,400,26,27,28,30,32,201,5022,34,38,623,1236,1117,41,1382,43,411,803,5864,804,5775,420,55,56,57,1125,1701,58,885,5859,63,426,5865,113,807,429,1131,3037,5777,5034,437,3038,76,231,441,5.014843
554313,17,7,256,14,364,128,8,16,6740,88,6741,3523,26,27,6809,6810,38,6811,3774,6812,161,7028,6814,6744,6745,6816,55,56,57,6818,6819,3527,6820,6821,6822,6823,6824,3.834293
406844,14,128,4,15,333,16,7,8,196,5,2,197,142,566,11,17,567,1304,4874,4651,5842,568,300,26,27,334,148,7029,368,201,570,6404,574,155,5274,1198,6924,1591,3671,879,207,625,6925,3675,43,161,411,241,577,7030,6926,7031,6623,6928,6929,55,56,342,582,3309,4942,862,1210,6930,7032,6642,2029,585,6405,6932,6933,6934,6935,6936,6937,3689,5280,6938,4188,6939,6940,7033,391,231,193,6942,883,5.221849
611465,266,5,3,8,2,15,7,11,6,17,14,16,10,20,4651,283,988,24,26,27,28,29,5247,335,368,4206,32,989,81,34,204,1984,38,1466,339,207,41,43,467,82,6850,341,1419,53,55,56,57,58,59,1471,6852,5251,347,1420,994,63,995,6853,381,1991,382,289,997,6855,383,6856,70,6857,352,4211,6858,6859,6860,388,228,6861,5255,355,391,4212,76,1003,1005,5.853872
116921,5,2,3,8,256,7,196,128,197,14,16,17,6903,198,3657,101,802,24,400,26,27,200,754,2781,32,201,34,38,6904,41,756,43,411,6905,6906,6907,803,804,53,420,55,56,57,1555,1556,1794,3663,63,426,2786,274,807,70,4574,6909,73,437,766,2787,76,231,441,6.221849
68795,1,2,5,11,14,3,4,1267,16,6,333,7,8,9,10,2826,2827,1956,101,802,24,26,27,334,523,30,31,32,2828,34,303,38,337,2829,2830,2831,41,2832,43,44,46,2833,2834,2835,803,804,53,55,56,342,57,343,345,1010,799,1012,800,61,2836,2837,63,2838,2839,274,2943,807,801,549,550,2841,2842,2843,73,2844,76,2845,2846,80,6.823909
967356,16,14,7,196,5,8,3,141,17,1044,1043,2,88,20,522,2744,89,400,26,27,922,201,202,204,38,1049,41,2747,2748,43,411,91,210,2749,2750,2751,212,420,55,56,57,2822,426,222,2944,429,2759,519,2763,2764,936,231,441,9.055517
43709,5,2,14,11,3,8,266,1428,7,16,17,88,1429,1955,145,100,101,3855,26,27,4206,150,34,1957,2577,38,526,339,41,1431,43,163,1432,2295,4601,417,983,110,4709,56,2580,1888,4648,851,4604,2950,4710,2299,4606,4649,4608,4211,353,4331,4212,191,7.568636
341694,5,2,14,364,3,16,333,7,1267,266,8,196,2161,17,88,20,282,89,100,101,2162,23,24,400,26,27,334,366,32,1047,2163,2828,201,33,81,202,34,204,38,2150,370,1513,339,5778,41,5779,2164,1752,43,285,411,91,49,82,210,286,212,110,2168,3154,839,4618,420,55,56,342,57,376,3552,3553,63,1978,381,5802,2170,5782,426,64,382,222,113,843,1055,383,224,4386,429,3555,3556,2171,5784,73,228,5785,5786,437,2172,1765,76,1059,2845,231,1979,441,7.886057
329589,5,3,2,266,8,14,7,2161,16,256,17,946,947,2110,100,101,802,234,2162,1690,24,26,27,368,32,2163,34,38,574,339,207,41,2164,43,5051,950,5052,110,2168,3154,1896,1897,5063,53,55,56,57,582,851,600,3406,1394,63,2170,5053,113,274,807,5315,70,1036,2171,3638,388,73,2172,391,76,5.387216
1110214,10,395,393,14,128,4,15,7,196,8,333,16,5,2,11,17,282,4874,4651,5842,568,300,26,27,334,401,1498,5622,368,201,6404,574,155,6924,1591,3671,1499,7034,207,7035,6925,3675,43,161,285,411,286,6926,6927,6623,6928,6929,55,56,342,582,3309,4942,1502,7036,6931,6642,7037,6405,6932,6933,6936,6937,3689,1506,7038,6938,7039,6939,6940,5630,391,231,193,6941,6942,4.863279
1110209,16,14,128,4,15,7,196,8,333,5,2,11,17,566,197,142,567,282,4874,4651,5842,568,300,26,27,334,148,5622,368,201,570,6404,574,155,5274,1198,617,6924,1591,3671,879,207,625,6925,3675,43,161,285,470,411,241,577,286,471,6926,6927,6623,6928,6929,342,3309,4942,862,600,1210,618,6930,6931,6642,2029,585,6405,6932,6933,6934,6935,620,6936,6937,3689,5280,6938,4188,6939,6940,5630,391,231,193,6941,621,6942,883,4.962574
1110210,16,14,128,4,15,7,196,8,333,5,2,11,17,282,4874,4651,5842,568,300,26,27,334,5622,368,201,6404,574,155,623,617,6924,1591,3671,207,625,6925,3675,43,161,285,470,411,286,471,6926,6927,6623,6928,6929,55,56,342,582,3309,4942,1125,618,6931,6642,2029,6405,6932,6933,876,620,6936,6937,3689,6938,877,6939,6940,5630,391,231,193,6941,621,6942,5.651695
1110211,16,14,128,4,15,7,196,8,333,5,2,11,17,282,4874,4651,5842,568,300,26,27,334,5622,368,201,6404,574,155,6348,6924,1591,3671,337,370,207,625,6925,3675,43,161,285,411,286,6926,6927,6623,6928,6929,55,56,342,582,6546,3309,4942,343,376,377,6931,6642,2029,6405,6932,6933,7040,6936,6937,3689,386,7041,6938,7042,6939,6940,5630,391,231,193,6941,6942,4.602060
90308,5,2,3,233,8,196,7,9,14,10,16,17,88,20,89,234,235,23,400,26,27,236,31,445,3368,32,201,33,34,38,207,41,240,43,411,46,91,49,3380,242,243,839,420,55,56,57,245,246,3372,3373,63,426,64,3381,843,429,3394,73,437,252,458,3378,76,231,441,80,8.602060
1110213,15,14,128,4,7,196,8,333,16,5,2,11,17,10,282,4874,4651,5842,568,300,26,27,334,28,29,5622,368,201,6404,574,155,6924,1744,1591,3671,207,1745,6925,3675,43,161,285,411,286,6926,6927,6623,6928,6929,55,56,342,582,3309,4942,58,59,4935,6931,6642,3000,6405,6932,6933,6936,1748,6937,3689,6938,6076,6939,6940,5630,391,231,193,6941,6942,4.906578
577734,196,14,16,128,333,17,364,10,4,395,15,8,393,5,1267,1,6,7043,1113,282,6418,3492,26,27,334,148,523,7044,28,29,30,5516,1498,7045,574,2435,660,7046,617,369,2955,830,370,338,7047,7048,7049,1274,340,7050,7051,43,161,44,470,1458,7052,7053,471,7054,7055,55,56,582,1754,1011,7056,2010,7057,7058,885,7059,2957,7060,7061,7062,7063,2444,7064,7065,1021,7066,7067,7068,7069,7070,7071,7072,7073,7074,7075,7076,7077,7078,7079,732,7080,7081,621,7082,5.657577
275144,5,2,3,8,7,196,128,14,256,16,2109,948,3657,100,101,802,24,400,26,27,200,754,2781,32,201,34,38,41,756,43,411,6831,2118,3659,6832,2252,803,804,53,420,55,56,57,1555,1556,1794,3663,63,426,2786,274,807,70,4574,73,437,766,2787,76,231,441,6.154902
30409,15,364,14,4,2,5,196,8,7,10,17,16,1304,400,26,27,28,29,30,2861,403,884,38,658,405,2714,2806,1745,669,306,43,161,411,855,2862,420,55,56,57,59,885,421,316,2863,2945,2946,429,2812,430,2814,2864,2947,2819,2948,2865,440,889,730,1367,2866,4.187087
207050,2,5,3,1267,196,8,7,14,17,16,20,23,400,26,27,32,1047,2828,201,33,81,34,204,38,5778,41,5779,43,411,49,82,839,420,55,56,57,63,5802,5964,5782,426,64,382,843,383,5783,429,5784,228,5785,5786,437,76,1059,2845,231,4587,441,7.397940
268322,5,2,3,1267,8,196,7,14,17,16,88,20,282,89,23,400,26,27,32,1047,2828,201,33,81,202,1883,34,204,38,5778,41,5779,43,285,411,91,49,82,210,1884,286,212,839,420,55,56,57,2076,63,381,5802,5781,5782,426,64,382,222,2054,843,224,5783,429,5784,73,228,5785,5786,2078,76,1059,2845,231,1979,441,9.522879
409806,197,7,16,14,5,2,8,3,11,17,88,902,556,444,802,24,26,27,368,238,904,38,7083,41,5769,905,43,560,906,7084,2011,2012,1988,55,56,57,7085,7086,1993,807,70,7087,7088,7089,912,391,254,5.536107
156536,141,5,2,3,11,8,7,14,16,196,17,20,902,146,736,24,4804,400,26,27,4737,33,904,38,41,159,905,43,2782,49,906,7001,7090,7091,1988,3031,55,56,57,7092,6037,1993,70,429,7004,5133,912,4741,7006,4.477556
123093,5,3,2,4,14,8,7,196,16,10,13,101,802,24,292,400,26,27,28,30,32,201,5022,34,38,623,1236,465,1117,41,1382,43,469,411,803,5864,5775,53,420,55,56,57,851,1125,1701,476,58,885,5859,63,426,5865,274,807,70,429,1131,3037,984,5777,5034,437,3038,76,231,490,441,6.974694
359716,14,128,4,15,333,16,7,8,196,5,2,197,142,566,3,11,17,567,282,4651,3081,101,802,568,300,26,27,334,148,5622,368,201,904,570,38,6404,574,155,5274,1198,6924,1591,3671,879,41,625,6925,3675,43,161,285,411,241,577,286,7093,7094,803,3086,6928,6929,55,56,342,57,582,3309,4942,862,1210,6930,6931,584,2029,3088,585,807,6405,6932,6933,6934,6935,6936,6937,3689,5280,3656,4188,6939,6940,5630,391,231,193,6941,6942,883,4.863279
424154,17,16,14,7,196,5,2,8,3,233,10,88,20,1140,89,100,234,235,23,400,26,27,236,445,3368,32,201,33,34,38,207,41,1141,240,43,411,91,49,1142,3380,680,1434,3453,839,420,55,56,57,4312,4313,3372,3373,63,426,64,3381,843,429,3394,73,437,1145,252,458,3378,76,231,441,5.847712
420815,16,14,7,196,5,2,8,3,17,4,128,333,266,88,20,89,100,234,3619,23,400,26,27,6249,2365,445,3368,32,201,33,34,38,4316,2368,4463,270,207,41,208,1149,2369,43,411,91,49,3380,680,6988,3622,839,420,55,56,57,7095,2379,3372,3373,63,426,64,3381,843,429,7096,6991,7097,4328,3394,73,437,7098,7099,2387,6995,458,3378,76,231,441,6.096910
346334,5,2,3,8,256,7,196,128,197,14,16,17,6903,20,198,3657,23,24,400,26,27,200,2781,32,201,33,34,38,6904,41,756,43,411,6905,49,6906,6907,839,53,420,55,56,57,1822,3205,3663,63,426,64,843,6908,70,429,6909,73,437,1824,2787,76,231,441,5.318759
30943,15,364,14,2,5,396,196,8,7,10,17,16,1304,400,26,27,28,1311,2861,2805,201,38,658,2714,2806,2807,1745,2808,669,43,161,411,855,2862,420,55,56,57,2723,2809,2863,2810,2811,429,2812,2814,2864,2816,2817,2818,2819,2865,2820,231,730,441,2866,5.113509
93410,5,2,3,233,8,196,7,14,10,16,17,88,20,89,100,234,235,23,400,26,27,28,236,445,3368,32,201,33,34,38,207,41,240,43,411,91,49,3380,680,1434,3453,839,420,55,56,57,3558,3559,3372,3373,63,426,64,3381,843,429,3394,73,437,252,458,3378,76,231,441,8.698970
266550,5,2,3,233,8,196,7,9,14,10,16,17,88,20,145,100,101,234,235,23,400,26,27,236,31,445,3368,32,201,33,34,38,207,41,240,43,411,46,163,49,953,954,680,1434,3453,839,420,55,56,57,245,246,3372,3373,63,426,64,3399,843,429,3394,73,437,252,458,3378,76,231,441,80,8.376751
970468,14,128,9,116,16,5,141,8,3,7,1044,1043,17,267,20,522,2744,23,1839,26,27,922,151,33,923,154,2543,574,2745,2746,1049,1768,1769,2747,924,2748,43,1770,2544,49,2749,925,2750,2751,3075,2545,2546,2547,497,600,3076,3077,64,3078,3079,2755,2756,2757,2758,2759,2761,2762,2763,2764,3080,936,192,2765,6.292430
517350,16,333,14,4,8,266,196,17,7,282,400,6864,7100,26,27,38,1693,6867,7101,574,617,6868,6869,7008,7009,161,470,372,471,473,6873,7102,7103,55,56,57,600,618,429,7010,6880,7104,7011,620,7105,7106,7012,7013,1716,621,7107,5.481486
280811,5,2,3,8,256,7,196,128,197,14,16,17,6903,20,198,3657,101,802,23,400,26,27,200,754,2781,32,201,33,34,38,6904,41,756,43,411,6905,49,6906,6907,803,804,839,420,55,56,57,1555,1556,1794,3663,63,426,64,2786,843,807,4574,6909,73,437,766,2787,76,231,441,5.886057
105711,5,3,2,641,8,14,7,16,266,96,13,5849,5850,100,101,802,234,1690,24,26,27,368,32,654,34,38,574,465,339,666,207,41,43,469,5851,5852,110,680,1341,1896,1897,5063,53,55,56,57,582,851,600,476,3406,1394,63,691,5853,113,274,807,5315,70,1036,984,716,717,3638,719,388,73,391,76,490,4.823909
302320,10,15,4,5,2,8,1,14,6,3,11,7,16,333,299,902,24,26,27,334,28,29,30,403,904,2081,38,405,337,370,41,3674,905,43,44,7108,906,1988,55,56,342,2092,57,343,376,377,421,3682,317,425,1993,7109,70,6806,386,3302,6807,6808,912,440,331,5.595166
1057009,14,16,7,256,364,128,8,566,6740,567,3523,26,27,6809,6810,570,38,6811,3774,6812,161,6814,6827,577,6816,55,56,57,862,851,6818,6819,863,3527,6820,6821,6822,6823,6824,5.479304
141207,1044,1043,5,141,196,8,7,3,15,17,10,20,522,2744,5592,25,28,29,284,5820,39,1049,5934,43,5823,5824,5935,5936,6008,5827,58,59,60,6009,5829,71,2759,5942,290,6010,5.585027
93429,2,5,3,1267,266,8,196,7,2161,14,17,16,20,100,101,2162,988,23,400,26,27,335,32,2163,2828,201,33,81,1883,34,204,38,339,5778,207,41,5779,2164,43,411,49,82,1884,110,2168,3154,1939,839,420,55,56,57,1940,5552,63,5802,2170,5782,426,64,382,2054,113,843,383,429,352,2171,5784,1422,73,228,5785,6094,437,2172,355,76,2845,231,441,8.137272
967878,16,14,7,2,5,8,3,141,17,1044,1043,128,9,116,267,20,522,2744,23,199,1839,26,27,922,1983,33,34,38,2543,574,2745,2746,1049,207,41,1768,1769,2747,2748,43,1770,2544,49,2749,2750,2751,839,579,2545,2546,2547,851,600,2752,2854,64,2754,586,2755,2756,2757,2758,2759,2855,1998,2761,2762,2763,2764,936,2002,2765,8.886057
162041,14,16,3,5,7,17,8,2,1044,1043,128,116,4,10,143,267,20,2871,2872,23,268,26,27,148,149,30,32,33,1510,512,574,2435,2873,1049,207,1768,1374,1382,43,2876,49,2878,2879,2880,2439,514,582,313,2881,2882,2953,1376,2885,64,2886,2887,2442,1037,2510,2888,2890,2891,2892,1377,2893,76,4.744727
333050,4,14,10,15,5,2,3,7,8,196,16,24,147,400,26,27,2222,2766,32,201,34,38,2712,5125,1006,41,1745,160,43,161,411,53,168,420,55,56,57,6844,6845,2726,426,274,70,181,429,6847,2770,6848,2772,437,7110,76,231,2737,5135,441,4.878769
91387,5,2,3,8,196,7,9,15,14,10,16,17,88,20,89,23,400,1463,26,27,28,29,31,445,3368,32,201,33,34,38,3563,207,41,43,411,2717,91,49,3380,839,420,3564,55,56,57,3565,3566,3567,3372,3373,63,426,64,3381,843,429,3568,3569,73,437,458,3378,76,231,441,3570,8.346787
506154,16,333,14,4,8,1267,196,17,9,10,5,197,198,282,6864,6865,27,1661,5819,1693,6867,574,617,6868,6869,6870,206,2829,6871,43,161,470,209,1663,211,471,6873,6874,6875,600,618,1667,7111,6879,6880,6881,620,6882,6883,6884,226,7112,6887,5832,1716,621,7113,6888,5.124939
162049,116,10,15,4,5,2,8,1,14,6,3,11,7,16,2278,3245,299,2279,902,24,26,27,6946,5216,403,904,303,2638,38,405,41,3674,905,43,44,6947,3677,2639,906,1988,55,56,57,871,4870,6948,6949,425,1993,5804,4871,70,6950,6807,6951,912,440,331,7.045757
558338,14,16,7,256,364,128,8,1044,1043,6740,1045,3523,26,27,6809,6810,1048,38,6811,1049,3774,6812,161,6814,6827,1051,6816,55,56,57,1053,851,6818,6819,1056,3527,6820,1058,6821,6822,6823,6824,4.790485
30979,15,364,14,5,2,196,8,7,10,17,16,1304,400,26,27,28,29,2861,403,201,38,658,2997,1751,2714,2806,1745,669,43,161,411,855,2862,420,55,56,57,59,2998,1757,2863,2999,3000,429,2812,3001,3002,2814,2864,2947,3003,2819,2865,440,231,730,441,2866,5.795880
970501,16,14,7,196,5,2,8,141,17,1044,1043,522,2744,988,400,26,27,1644,201,38,1049,207,2747,2748,43,411,2749,2750,2751,1943,420,55,56,57,3004,1415,429,2759,3005,2763,3006,1660,231,441,6.075721
372112,128,16,4,333,14,266,7,196,5,2,8,3,17,20,100,234,3619,23,24,400,26,27,6249,2365,445,3368,32,201,33,34,38,4316,2368,4463,270,207,41,208,1149,2369,43,411,49,680,6988,3622,839,53,420,55,56,57,7095,2379,3372,3373,63,426,64,843,454,70,429,7096,6991,7097,4328,3394,73,437,7098,7099,2387,6995,458,3378,76,231,441,5.756962
222984,10,9,233,7,196,14,16,333,5,8,2,3,17,15,4,128,20,235,736,1690,23,26,27,334,200,148,523,28,29,30,236,31,2766,1361,32,150,33,34,38,2712,3007,574,2435,617,1006,337,598,41,1745,208,530,240,43,161,372,46,599,49,3008,3009,3010,839,56,215,57,582,2507,217,313,602,1011,3011,3012,1014,2767,886,317,245,246,2768,3013,2726,3014,64,843,1868,2770,3015,3016,2510,3017,2771,3018,3019,2772,353,3020,3021,252,1366,76,191,2737,1782,80,3022,7.000000
328970,14,116,5,16,3,4,2,333,15,8,7,10,266,1068,24,26,27,334,523,29,30,445,3503,302,403,34,38,1156,2132,624,337,339,41,530,43,4100,53,55,56,342,57,1150,343,4150,538,3215,3504,3505,4631,4632,454,70,4633,3299,4151,1106,3506,457,553,458,3507,330,440,5.494850
369419,14,16,7,196,5,2,8,3,17,233,10,20,1140,100,234,235,23,24,400,26,27,236,445,3368,32,201,33,34,38,207,41,1141,240,43,411,49,1142,680,1434,3453,839,53,420,55,56,57,4312,4313,3372,3373,63,426,64,843,454,70,429,3394,73,437,1145,252,458,3378,76,231,441,3.954677
967436,16,14,7,196,5,2,8,3,141,17,1044,1043,15,10,522,2744,25,400,26,27,28,29,922,201,34,38,39,1049,41,2747,2748,43,411,2749,2750,2751,244,420,55,56,57,58,59,60,2752,426,3023,429,71,2759,437,2763,2764,936,231,441,9.318759
967437,16,14,7,196,5,2,8,3,141,17,1044,1043,13,522,2744,24,400,26,27,922,201,34,38,465,1049,41,2747,2748,43,469,411,2749,2750,2751,53,420,55,56,57,851,476,2752,426,3024,70,429,984,2759,437,2763,2764,936,231,490,441,9.420216
61198,5,2,3,8,196,7,14,13,16,17,20,101,802,2867,23,400,26,27,2781,32,201,33,34,38,41,43,468,411,49,803,804,2868,839,420,55,56,57,2869,63,426,64,2786,843,807,429,73,437,2787,76,231,2870,441,4.459671
160527,10,15,4,5,2,8,1,14,6,3,7,16,17,299,144,802,234,24,26,27,28,29,30,445,3368,403,34,303,153,38,405,207,41,3674,43,44,3677,164,1896,1897,53,55,56,57,871,850,421,3682,317,3372,3373,425,454,5804,852,807,70,6806,3394,457,6808,458,3378,440,331,5.161151
70928,1,2,5,11,3,4,1267,6,14,8,7,9,10,16,2826,2827,1956,101,802,24,26,27,30,31,32,2828,34,303,38,2829,2830,2831,41,2832,43,44,46,2833,2834,2835,803,804,53,55,56,311,57,61,2836,2837,63,2838,2839,274,2840,807,70,2841,2842,2843,73,2844,76,2845,2846,80,4.958607
164113,10,15,4,5,2,8,1,14,6,3,11,7,16,566,299,567,902,24,26,27,28,29,30,403,904,303,570,38,405,41,3674,905,43,44,3677,577,906,1988,55,56,57,871,862,421,3682,317,425,1993,5804,863,70,6806,6807,6808,912,440,331,5.267606
357139,14,128,4,15,333,16,7,8,196,5,2,197,142,566,11,141,17,567,522,4874,4651,5842,568,300,26,27,334,148,7114,368,201,570,6404,574,155,5274,1198,6924,1591,3671,879,207,625,6925,854,3675,43,161,411,241,577,856,6926,7115,6623,6928,6929,55,56,342,582,3309,4942,862,1210,6930,7116,6642,2029,585,6405,6932,6933,6934,6935,6936,6937,3689,5280,6938,4188,6939,7117,6940,7118,391,231,193,6942,883,6.070581
1110212,7,14,128,4,15,196,8,333,16,5,2,11,17,88,282,4874,4651,145,5842,100,234,568,300,26,27,334,5622,368,201,6404,574,155,6924,1591,3671,207,6925,3675,43,161,285,411,163,286,6926,6927,417,6623,1879,680,6928,6929,55,56,342,582,3309,4942,6931,6642,1415,6405,6932,6933,6936,6937,3689,6938,1416,6939,6940,5630,391,231,193,6941,6942,4.690370
118039,5,2,3,8,256,7,196,197,14,17,16,6903,198,3657,24,400,26,27,2781,32,201,34,38,6904,41,43,411,6905,6906,6907,53,420,55,56,57,3663,63,426,6908,274,70,429,6909,73,437,2787,76,231,441,7.346787
160025,10,15,4,5,2,8,1,14,6,3,11,7,16,2013,299,902,24,26,27,28,29,30,403,904,303,38,2014,405,41,2015,3674,905,43,2016,44,2017,3677,906,1988,55,56,57,871,2411,421,3682,317,425,1993,5804,70,2527,6806,6807,2021,6808,912,440,2022,331,2023,5.425969
90394,5,2,3,8,128,196,7,14,16,17,88,20,89,23,199,400,26,27,200,445,3368,32,201,33,34,38,205,207,41,208,43,411,91,49,3380,839,420,214,55,56,215,57,216,217,3372,3373,63,426,64,3381,843,225,429,3403,73,437,230,458,3378,76,231,441,8.522879
44828,5,2,3,1267,8,7,196,14,17,16,88,20,282,89,23,24,400,26,27,32,1047,2828,201,33,81,202,1883,34,204,38,5778,41,5779,43,285,411,91,49,82,210,1884,286,212,839,53,420,55,56,57,2076,63,5780,381,5781,5782,426,64,382,222,2054,843,274,224,5783,70,429,5784,73,228,5785,5786,2078,76,1059,2845,231,1979,441,9.886057
63776,5,2,3,8,196,7,14,16,17,20,101,802,365,23,400,26,27,2781,32,201,33,34,38,41,43,2782,411,49,803,804,2784,839,3031,420,55,56,57,2785,63,426,64,2786,843,807,429,73,437,2787,76,231,3032,441,3.924453
220449,16,14,7,196,5,8,3,17,2,20,988,23,400,26,27,3033,32,201,33,34,38,207,41,43,411,49,3034,839,420,55,56,57,3035,1394,426,64,843,429,1422,437,3036,76,231,441,5.886057
138018,3,5,4,14,1043,16,1044,143,7,8,2,10,17,20,2871,2872,23,26,27,148,149,30,32,33,1510,512,574,1236,1049,207,1374,1382,43,49,2878,2879,2880,514,582,313,600,1701,2881,2953,1376,2885,64,2886,2887,1036,1037,3037,2890,2891,1377,3038,76,5.415330
335140,5,3,2,8,7,196,14,16,17,20,802,234,23,24,400,26,27,445,3368,32,201,33,34,38,207,41,43,411,49,1896,1897,839,53,420,55,56,57,3372,3373,63,426,64,843,454,807,70,429,3394,73,437,458,3378,76,231,441,6.522879
967250,14,5,8,3,141,17,1044,1043,7,16,128,9,2,20,144,522,2744,23,27,922,1983,33,34,2849,574,2745,623,1049,41,625,1768,1769,2747,2748,43,1770,49,2850,2749,2750,2751,839,600,1125,2752,2753,64,2754,2851,2756,2757,876,2759,1998,2760,2852,2762,2763,2764,936,2002,2853,8.619789
420648,16,14,7,196,5,2,8,3,17,4,128,266,88,20,89,100,234,3619,23,400,1691,772,26,27,445,3368,32,201,33,34,38,6833,4115,270,207,41,3774,780,43,161,411,91,49,3380,680,6834,3622,839,420,6835,6836,55,56,57,3372,3373,63,426,64,3381,843,429,6837,6838,6839,3394,73,437,6840,6841,458,3378,76,231,4130,441,6.124939
264668,5,2,3,233,8,196,7,9,14,10,16,17,88,20,89,100,234,235,23,400,26,27,236,31,445,3368,32,201,33,34,38,207,41,240,43,411,46,91,49,3380,680,1434,3453,839,420,55,56,57,245,246,3372,3373,63,426,64,3381,843,429,3394,73,437,252,458,3378,76,231,441,80,5.161151
357764,14,128,4,15,333,16,7,8,196,5,2,197,142,566,3,11,141,17,567,522,4651,3081,101,802,568,300,26,27,334,148,7114,368,201,904,570,38,6404,574,155,5274,1198,6924,1591,3671,879,41,625,6925,854,3675,43,161,411,241,577,856,7119,7094,803,3086,6928,6929,55,56,342,57,582,3309,4942,862,1210,6930,7116,584,2029,3088,585,807,6405,6932,6933,6934,6935,6936,6937,3689,5280,3656,4188,6939,7117,6940,7118,391,231,193,6942,883,5.193820
556332,15,7,256,14,364,128,8,16,10,6740,3523,6997,26,27,29,6809,6810,38,6811,39,3774,6812,161,6814,6998,6816,6999,55,56,57,1472,6818,6819,3527,6820,7000,6821,6822,6823,6824,4.111452
163117,10,15,4,5,2,8,1,14,6,3,11,7,16,2278,299,2279,902,24,26,27,28,29,30,403,904,303,2638,38,405,41,3674,905,43,44,3677,2639,906,1988,55,56,57,871,4870,421,3682,317,425,1993,5804,4871,70,6806,6807,6808,912,440,331,5.354578
53551,1,5,2,3,6,8,7,11,196,14,16,17,1245,88,902,2895,24,3542,400,26,27,32,904,34,38,40,41,905,43,44,2782,3576,2897,906,2898,1988,3577,3031,55,56,57,63,1993,3578,70,429,1264,911,912,76,1266,3579,7.346787
250672,1,5,2,3,6,8,11,17,7,196,14,16,1827,868,902,24,3542,400,26,27,32,904,34,38,40,41,905,43,44,2782,1828,1829,906,1988,3577,3031,55,56,57,63,1993,3578,70,429,3528,911,912,76,1831,3579,7.494850
53553,1,5,2,3,6,14,8,17,11,196,7,16,1827,987,868,902,100,101,234,3542,400,26,27,32,904,34,303,38,991,40,41,905,43,44,2782,1828,992,1829,906,108,1414,3580,1880,3577,3031,55,56,311,57,63,3581,3578,998,429,3528,1882,911,912,76,1831,1004,3579,8.397940
224564,1,6,8,9,2,128,5,3,7,17,14,16,333,15,10,4,299,20,23,26,27,334,200,523,28,29,30,2766,32,150,33,34,2670,2712,3007,1006,337,598,41,1745,208,42,43,161,44,599,3044,49,839,56,342,215,2672,343,805,217,3012,2767,3045,317,3046,2726,3014,64,843,3047,2770,3015,2771,3048,3018,2772,353,2674,3049,76,191,2737,331,3022,6.301030
226613,16,14,7,3,2,11,8,5,17,196,20,902,24,400,26,27,32,201,81,904,204,38,41,905,43,411,82,906,1988,420,55,56,57,381,426,382,1993,383,70,429,911,519,912,76,231,441,7.619789
91958,5,2,3,233,8,7,14,9,10,16,17,88,20,89,100,234,235,23,26,27,236,31,445,3368,32,33,34,3390,512,207,41,240,43,46,91,49,3380,680,1434,3453,839,55,56,514,245,246,3372,3373,63,3391,64,3381,843,3392,3393,3394,73,252,458,3378,76,80,8.638272
163127,14,16,3,5,7,17,8,2,1044,1043,128,116,233,10,143,267,20,2871,2872,23,1390,268,26,27,148,149,236,32,33,1510,2082,512,574,2435,1049,207,1768,1374,240,43,3050,49,2878,2879,2880,3051,2439,514,582,313,2881,2882,3052,3053,2885,64,2886,3054,2887,2442,1037,2510,2890,2891,3055,1377,1393,76,4.292430
161592,116,10,15,4,5,2,8,1,14,6,16,17,3,11,7,3245,299,144,902,24,26,27,6946,5216,403,904,303,153,38,405,41,3674,905,43,44,6947,3677,164,906,1988,55,56,57,871,850,6948,6949,425,1993,5804,852,70,6950,6807,6951,912,440,331,6.924453
303412,116,10,15,4,5,2,8,1,14,6,3,11,7,16,142,3245,299,902,24,26,27,6946,5216,403,904,303,38,156,405,41,3674,905,43,44,162,6947,3677,906,1988,55,56,57,871,601,6948,6949,425,1993,5804,70,610,6950,6807,6951,912,440,331,195,6.468521
600892,14,16,3,5,7,17,8,2,1044,1043,128,116,4,10,15,1428,267,20,1429,2871,2872,23,268,26,27,148,29,30,301,32,33,1510,512,574,2435,2873,3056,1049,207,1768,3057,1382,43,2876,49,3058,2878,2879,2880,2439,514,582,313,2881,2882,3059,3060,3061,2885,64,2886,2887,2442,1037,2510,2888,3062,2890,2891,2892,3063,3064,76,4.292430
602941,4,5,14,3,2,10,15,8,7,196,16,17,20,23,400,26,27,29,30,2766,32,402,201,33,34,38,2712,1006,41,1745,530,43,161,411,49,839,420,55,56,57,538,1016,2768,2726,1093,426,64,843,2769,429,2770,2771,2772,437,2773,76,439,231,2737,441,6.356547
629566,5,2,3,8,7,196,14,256,16,17,2109,88,948,3657,1046,444,24,400,26,27,2781,284,32,201,34,38,41,43,411,6831,1050,7120,3659,1052,7121,53,420,55,56,57,3663,4962,63,426,6908,274,70,429,73,437,2787,290,76,231,4443,441,7.369572
337630,5,2,3,8,128,7,14,16,17,88,20,89,23,199,26,27,200,445,3368,32,33,34,3390,205,512,207,41,208,43,91,49,3380,839,214,55,56,215,216,514,217,3372,3373,63,3391,64,3381,843,3392,225,3393,3403,73,230,458,3378,76,8.552842
1083201,1,14,9,5,16,2,3,333,7,6,128,8,17,987,20,988,23,26,27,334,200,523,2781,32,150,33,1883,34,2670,3007,337,598,991,41,208,43,44,599,3068,49,1884,3069,839,56,342,215,2672,343,805,217,3012,3070,63,3014,64,3071,843,2825,3015,3048,3018,1002,2077,353,2674,2787,76,191,1004,3022,7.229148
88899,5,3,2,8,7,128,14,16,17,20,23,24,199,26,27,200,445,3368,32,33,34,3390,38,205,512,207,41,208,43,49,839,53,214,55,56,215,57,216,514,217,3372,3373,63,3391,64,843,454,3392,70,225,3393,3403,73,230,458,3378,76,8.657577
53573,1,5,3,2,6,8,196,11,17,7,14,16,1827,868,20,902,24,400,26,27,32,3531,904,204,38,40,41,905,43,44,3532,1828,1829,3533,906,1988,3534,55,56,57,381,3535,1993,3536,70,429,1830,911,912,76,1831,3537,7.356547
81222,5,2,3,8,196,7,14,16,17,88,20,89,100,802,234,23,400,26,27,445,3368,32,201,33,34,38,207,41,43,411,91,49,3380,2252,680,1028,839,420,55,56,57,3372,3373,63,426,64,3381,843,807,429,3394,73,437,458,3378,76,231,441,9.698970
557897,15,7,256,14,364,128,8,16,10,6740,3523,6997,26,27,28,29,6809,6810,38,6811,39,3774,6812,161,6814,6998,6816,6999,55,56,57,58,59,60,6818,6819,3527,6820,7000,6821,6822,6823,6824,5.202970
560205,14,16,7,256,364,128,8,2013,6,6740,3523,26,27,6809,6810,38,6811,2014,3774,6812,2015,161,2016,2017,6814,6827,6816,55,56,57,851,2411,6818,6819,3527,6820,2527,6821,6822,6823,2021,6824,2022,2023,5.198970
345399,10,15,4,5,2,8,1,14,6,3,7,16,2013,299,802,234,24,26,27,28,29,30,445,3368,403,34,303,38,2014,405,207,41,2015,3674,43,2016,44,2017,3677,1896,1897,53,55,56,57,871,2411,421,3682,317,3372,3373,425,454,5804,807,70,2527,6806,3394,457,2021,6808,458,3378,440,2022,331,2023,4.917215
1009996,14,128,9,116,16,5,2,8,3,7,141,1044,1043,17,267,20,522,2744,23,1839,26,27,922,150,33,34,154,2543,574,2745,2746,1049,41,1768,1769,2747,2748,43,1770,2544,49,2749,2750,2751,839,2545,2546,2547,497,600,2752,175,64,2754,502,2755,2756,2757,2758,2759,353,2761,2762,2763,2764,936,191,2765,9.443697
49997,396,15,10,5,3,2,8,7,196,14,17,16,20,802,234,24,400,26,27,3430,445,3368,2805,201,1614,34,38,6910,6911,207,41,2808,43,411,1616,1896,1897,53,420,55,56,57,6912,3372,3373,6913,2811,6914,454,807,70,429,6915,6916,3394,6917,6918,458,3378,2820,231,441,5.899629
91717,5,2,3,396,8,196,7,10,15,13,14,17,16,88,20,398,89,23,400,3429,26,27,3430,3431,445,3368,32,201,33,34,38,810,2114,2715,207,41,43,811,411,91,49,2117,2719,3380,839,420,3432,55,56,57,3433,3434,3435,3372,3373,63,426,64,3381,843,429,3436,3437,3438,3439,73,437,458,3378,76,231,818,441,9.050610
248143,4,5,15,2,3,10,14,395,7,197,128,8,16,142,17,20,198,23,200,754,28,29,651,5893,445,3368,32,402,150,403,81,34,6104,204,1532,336,1744,5895,5519,5896,1533,41,1745,756,208,306,43,5358,82,1534,6105,760,761,762,5899,5900,1746,5901,5902,6077,3373,381,5903,348,5904,382,4794,6106,383,5906,764,1748,5907,5908,5909,1537,6078,5911,506,457,766,767,5912,458,3378,76,439,191,440,6107,8.301030
301904,3,5,2,11,8,7,17,196,14,16,20,902,23,24,400,26,27,32,1047,33,904,7122,38,41,905,43,411,49,906,7123,1988,420,55,56,57,7124,7125,64,1993,7126,70,429,911,912,76,1059,4587,6.920819
380728,396,10,16,14,7,5,2,8,3,11,902,444,802,24,26,27,28,1311,368,2805,904,38,2807,41,2808,905,43,906,2011,2012,1988,55,56,57,2723,2809,7127,7128,1993,807,70,2816,7129,7130,912,391,2820,6.055517
143698,5,1044,1043,1267,141,196,8,3,7,14,17,16,88,522,2744,89,24,26,27,5819,6047,38,1049,5821,5822,43,5823,91,5825,5826,6048,6049,55,56,57,5828,6050,70,2759,5830,5831,5832,6051,9.602060
161507,14,16,3,5,7,17,8,2,1044,1043,128,116,4,10,143,267,20,2871,2872,23,268,26,27,148,149,30,32,33,1510,512,574,2435,2873,1049,207,1768,1374,1382,43,2876,49,2878,2879,2880,2439,514,582,313,600,2881,2953,1376,2885,64,2886,2887,2442,1036,1037,2444,2888,2890,2891,2892,1377,2893,76,4.920819
62292,5,2,3,14,16,8,266,7,13,17,88,20,145,89,100,101,2867,26,27,148,2781,32,1025,150,202,34,204,154,339,41,43,468,163,91,210,417,212,983,110,2868,1009,313,171,2869,381,1032,175,222,2786,224,1035,2730,1039,73,506,2787,76,1041,191,2870,5.943095
93527,5,3,2,8,7,196,14,13,16,17,20,23,24,292,400,26,27,445,3368,32,201,33,34,3369,38,512,207,41,43,45,411,49,839,53,3371,420,55,56,57,514,3372,3373,63,426,64,843,454,3382,70,429,3383,3377,73,437,458,3378,76,231,3379,441,8.677781
206269,4,5,15,2,3,10,14,395,128,8,16,7,17,88,20,145,101,200,754,28,29,651,5893,445,3368,32,402,150,403,81,34,204,336,1744,5895,5519,5896,41,1745,756,208,306,43,163,82,953,954,760,761,762,5899,5900,1746,5901,5902,6077,3373,381,453,348,5904,382,3399,383,455,764,1748,5907,5908,5909,6078,228,506,457,766,767,5912,458,3378,76,439,191,440,8.397940
339802,16,14,7,196,5,2,8,3,17,11,20,902,24,400,26,27,32,201,81,904,204,38,41,905,43,411,82,906,1988,420,55,56,57,381,426,382,1993,383,70,429,911,519,912,76,231,441,7.673394
411997,3,5,643,7,17,8,2,11,14,1,6,16,2826,88,2827,3081,145,101,802,26,27,32,904,3082,303,38,1468,41,43,44,2833,163,3083,3084,953,3085,803,3086,55,56,311,57,3087,3088,3089,2840,807,3090,911,76,2846,5.958607
123241,5,3,2,4,14,8,7,196,16,10,101,802,24,292,400,26,27,28,30,32,201,5022,34,38,623,1236,1117,41,1382,43,411,803,5864,5775,53,420,55,56,57,1125,1701,58,885,5859,63,426,5865,274,807,70,429,1131,3037,5777,5034,437,3038,76,231,441,6.777284
633184,5,4,2,3,14,8,196,16,7,10,17,20,101,802,292,400,26,27,28,30,32,201,1883,5022,38,623,1236,1117,41,1382,43,411,1884,803,5864,5775,420,55,56,57,1125,1701,58,885,5859,2076,426,2054,5865,807,429,1131,3037,5777,5034,2078,3038,76,231,441,5.679023
403088,196,5,2,8,7,14,16,3,15,9,17,20,282,647,24,400,1463,26,27,368,32,1047,201,1883,34,38,2713,207,41,43,285,411,5726,1884,286,7131,53,420,7132,55,56,57,5013,2076,4700,1394,426,2054,4701,274,70,429,7133,7134,6945,4849,2077,437,391,76,1059,231,1979,441,7135,3.612610
353282,7,1428,17,14,16,196,5,2,8,3,20,1429,234,1430,23,24,400,26,27,445,3368,32,201,33,34,38,207,41,1431,43,411,49,1432,4249,4250,839,53,420,55,56,57,3372,3373,63,426,64,843,454,70,429,3394,73,437,1436,458,3378,76,231,441,3.323306
339299,5,2,3,14,9,8,16,196,7,17,88,20,89,23,199,400,26,27,2583,445,3368,32,201,33,34,38,3584,207,41,43,411,2585,91,49,3380,839,420,3585,55,56,57,3586,3385,3386,3372,3373,63,426,64,3381,843,3587,429,3403,73,437,458,3378,76,231,441,3588,8.221849
558822,14,16,7,256,364,128,8,1044,1043,6740,1045,3523,26,27,6809,6810,3106,38,464,6811,1049,3774,6812,161,6814,6827,3107,6816,6828,55,56,3108,57,1207,6818,6819,7136,3527,7137,6820,1058,6821,6822,6823,6824,4.684608
560488,14,16,7,256,364,128,8,196,17,6740,282,3523,26,27,6809,6810,38,464,6811,466,3774,6812,161,470,6814,6827,471,6816,6828,55,56,57,1207,1611,6818,6819,3527,7138,6820,3397,6821,6822,6823,6824,491,5.081711
64361,4,14,10,15,5,2,3,8,7,196,17,16,20,24,400,26,27,2222,2766,32,201,7139,34,38,2712,5125,1006,41,1745,5024,43,161,411,7140,53,420,55,56,57,7141,6845,2726,426,7142,274,70,429,7143,2770,6848,2772,437,7144,76,231,2737,5135,441,4.888737
555882,14,16,7,256,364,128,8,142,6740,3523,26,27,6809,6810,38,464,6811,1200,3774,6812,161,162,6814,6827,6816,6828,55,56,57,1207,1683,6818,6819,3527,6830,6820,2415,6821,6822,6823,6824,1230,5.034017
53611,1,3,5,2,7,14,116,6,8,16,11,17,267,1827,868,902,24,1839,26,27,32,904,34,3594,38,40,41,905,43,44,3595,1828,1829,906,1988,3596,2545,2546,55,56,3597,57,63,1993,67,3598,70,3528,911,912,76,1831,7.638272
135022,3,7,5,6,8,256,7145,7146,283,463,989,7147,7148,43,467,7149,7150,1357,7151,7152,7153,487,1003,488,1005,3.744727
512059,16,333,14,4,8,1267,196,17,9,10,5,7,88,282,1046,6864,6865,27,1661,5819,1693,6867,574,617,6868,6869,6870,2829,6871,43,161,470,411,1663,1050,471,1052,6873,6874,6875,600,618,1667,7154,6879,6880,6881,620,6882,6883,6884,7112,6887,5832,1716,621,5873,6888,4.777284
594805,5,2,3,8,196,7,14,13,16,17,88,20,89,234,979,736,23,400,26,27,445,3368,32,201,33,34,38,207,41,43,468,2782,411,91,49,3380,3599,3600,3601,3602,839,420,55,56,57,3372,3373,63,426,64,3381,843,429,3394,73,437,458,3378,76,231,982,3603,441,8.698970
594808,5,14,2,364,3,16,333,7,1267,266,8,196,2161,17,20,100,101,2162,23,24,400,26,27,334,366,4206,32,2163,2828,201,33,81,1883,34,204,38,2150,370,1513,339,5778,41,5779,2164,1752,43,411,49,82,1884,110,2168,3154,839,4618,420,55,56,342,57,376,3552,3553,5847,63,381,5802,2170,5782,426,64,382,5848,113,843,274,383,4386,429,3555,3556,4211,2171,5784,2077,73,228,5785,6073,437,2172,1765,4212,76,2845,231,441,7.366532
63867,4,14,10,15,5,2,3,7,8,196,16,802,3619,24,400,26,27,2222,2766,32,201,34,38,2712,5125,1006,41,1745,160,43,161,411,7155,7156,53,420,55,56,57,6844,6845,2726,426,274,807,70,429,6847,2770,6848,2772,437,7157,76,231,2737,5135,441,5.209715
423013,7,5,2,8,3,17,196,15,14,16,9,20,282,647,24,400,1463,26,27,368,32,1047,201,1883,34,38,2713,207,41,43,285,411,5726,1884,286,7131,53,420,7132,55,56,57,5013,2076,4700,1394,426,2054,4701,274,70,429,7133,7134,6945,4849,2077,437,391,76,1059,231,1979,441,7135,4.026872
53120,1,3,5,2,6,7,8,11,17,14,16,1827,868,902,24,26,27,32,904,34,38,40,41,905,43,44,1828,1829,906,1988,53,55,56,57,63,1993,67,70,3528,911,912,76,1831,6.920819
266628,5,3,2,233,8,7,196,9,14,10,16,17,20,100,234,235,23,24,400,26,27,236,31,445,3368,32,201,33,34,38,207,41,240,43,411,46,49,680,1434,3453,839,53,420,55,56,57,245,246,3372,3373,63,426,64,843,454,70,429,3394,73,437,252,458,3378,76,231,441,80,7.886057
585605,5,2,3,14,8,16,643,7,13,17,88,20,145,89,100,101,2867,1193,27,2781,32,150,202,34,204,38,154,667,41,43,468,163,91,210,417,212,983,110,2868,1238,851,497,2869,381,175,222,2786,224,1743,502,1225,73,506,2787,76,191,2870,5.903090
557959,15,7,256,14,364,128,8,16,10,6740,3523,6997,26,27,28,29,6809,6810,38,6811,39,3774,6812,161,6814,6998,6816,6999,55,56,57,59,60,6818,6819,3527,6820,7000,6821,6822,6823,6824,4.842942
332168,5,2,3,14,128,8,333,7,196,16,17,88,20,89,23,199,400,26,27,334,200,445,3368,32,201,33,34,38,3610,337,370,207,41,208,43,411,91,49,3380,839,420,3611,55,56,342,57,343,376,1185,1101,3372,3373,63,426,64,3381,843,3612,429,386,3613,3403,73,437,3614,458,3378,76,231,441,9.522879
602505,5,3,2,14,11,8,7,333,16,266,1955,24,26,27,334,523,445,3503,150,34,1957,2577,38,526,337,339,41,43,2295,4601,53,55,56,342,2580,57,1888,343,345,4767,4768,3504,3505,2950,454,4769,4606,70,4608,549,550,3506,353,458,3507,191,7.004365
125323,5,3,2,4,14,8,196,16,7,10,17,20,101,802,292,400,26,27,28,30,32,201,81,5022,204,38,623,1236,1117,41,1382,43,411,82,803,5864,5775,420,55,56,57,1125,1701,58,885,5859,381,426,382,5865,383,807,429,1131,3037,5777,5034,519,3038,76,231,441,8.154902
162700,10,15,4,5,2,8,1,7,6,3,11,14,16,17,7158,88,902,1246,145,100,24,26,27,28,29,30,403,904,38,405,41,3674,905,43,44,7159,163,906,7160,417,2741,1988,55,56,57,421,3682,317,425,1993,70,6806,6807,7161,912,440,7162,5.829738
557454,14,16,7,256,364,128,8,196,17,6740,282,3523,26,27,6809,6810,38,6811,617,3774,6812,161,470,6814,6827,471,6816,55,56,57,851,618,6818,6819,3527,6820,620,6821,6822,6823,6824,621,4.970920
235919,9,15,5,10,3,2,7,8,196,14,16,24,400,26,27,4059,201,7163,38,7164,41,43,411,7165,420,55,56,57,7166,426,7167,70,429,7168,7169,231,441,3.435334
150416,14,4,10,15,1333,197,17,396,2,5,8,7,1044,1043,16,198,2871,2872,27,28,29,1311,30,150,2805,154,574,1236,3111,3112,2807,1049,207,2808,3113,1382,43,3114,2878,2879,497,600,1701,58,2723,2809,3059,3115,3116,3117,502,1036,3037,3118,3119,2816,2890,3120,3121,3122,3038,191,2820,4.119186
581526,7,960,256,6,14,16,6889,6890,3523,5506,26,27,38,964,7170,7171,7172,7173,55,56,57,3527,7174,6897,5.107905
93079,5,2,3,8,196,7,14,13,16,17,88,20,89,100,234,979,23,400,26,27,445,3368,32,201,33,34,38,207,41,43,468,411,91,49,3380,2165,1414,3615,680,3616,839,420,55,56,57,3372,3373,63,426,64,3381,843,429,3394,73,437,458,3378,76,231,982,441,9.552842
581528,7,960,256,3,17,6,6889,6890,20,948,963,101,33,964,6898,6899,49,7175,7176,7177,7178,2696,6897,4.723538
581529,7,960,256,6,17,6889,6890,88,948,963,145,100,964,6898,6899,163,7179,7180,417,7181,7182,418,2165,6897,5.226214
411546,14,128,4,15,333,16,7,8,196,5,2,197,142,566,11,1044,1043,567,7183,7184,4874,5842,568,300,26,27,334,148,368,201,570,6404,574,155,5274,1198,6924,1591,3671,879,1049,207,625,6925,3675,43,161,411,241,577,7185,7186,7187,6623,6928,6929,55,56,342,582,3309,4942,862,1210,6930,6642,2029,585,6405,6932,6933,6934,6935,6936,6937,3689,5280,7188,6938,4188,6939,6940,391,231,193,6942,883,5.004365
164591,10,15,4,5,2,8,1,14,6,3,11,7,16,2013,299,902,24,26,27,28,29,30,403,904,1194,38,2697,405,41,2015,3674,905,43,2016,44,2017,7189,906,1988,55,56,1206,57,5641,421,3682,317,425,1993,7190,70,7191,6806,6807,2701,6808,912,440,2022,331,2023,5.336299
135582,7192,566,7193,7194,7195,7196,5.376751
610207,5,2,3,8,196,7,128,14,16,17,88,20,89,23,199,400,26,27,200,754,445,3368,32,201,33,34,38,207,41,756,43,411,91,49,3380,839,579,420,55,56,57,1555,1556,1794,3372,3373,63,426,64,3381,843,1795,429,3403,73,437,766,458,3378,76,231,441,8.920819
264611,5,2,3,8,16,196,7,14,17,88,20,282,89,23,199,400,26,27,148,445,3368,32,201,33,34,38,617,207,41,43,470,411,91,49,471,3380,839,579,420,55,56,57,2253,1449,3372,3373,63,426,64,3381,843,3617,429,2256,3403,73,437,458,3378,76,231,621,441,8.744727
603561,10,15,4,5,2,8,1,14,6,3,11,7,16,142,299,902,24,26,27,28,29,30,403,904,303,38,156,405,41,3674,905,43,44,162,3677,906,1988,55,56,57,871,601,421,3682,317,425,1993,5804,70,610,6806,6807,6808,912,440,331,195,5.155523
93098,5,2,3,8,196,7,128,14,16,17,88,20,89,23,199,400,26,27,200,445,3368,32,201,33,34,38,207,41,756,43,411,91,49,3380,839,579,420,55,56,57,1822,3205,3372,3373,63,426,64,3381,843,586,429,3403,73,437,1824,458,3378,76,231,441,8.193820
56237,1,5,2,3,6,8,196,11,17,14,7,16,1827,868,902,24,3542,400,26,27,32,904,34,38,617,40,41,905,43,44,2782,372,1828,1829,906,1988,3577,3031,473,55,56,57,851,618,63,1993,3578,70,429,1778,3528,911,912,76,1831,3579,2532,7.346787
92590,5,2,128,3,4,16,8,196,7,14,17,88,20,89,100,234,3619,23,400,26,27,200,2652,2365,445,3368,32,201,33,34,38,207,41,756,3620,43,411,91,49,3380,680,3621,3622,839,420,55,56,57,3623,3624,3625,3372,3373,63,426,64,3381,843,429,3394,73,437,3626,3627,458,3378,76,231,441,8.004365
89522,5,2,3,8,196,7,16,14,17,88,20,282,89,802,234,23,400,26,27,148,445,3368,32,201,33,34,38,617,207,41,43,470,411,91,49,471,3380,1896,1897,839,420,55,56,57,749,313,2253,3372,3373,63,426,64,3381,843,3153,429,751,3394,73,437,458,3378,76,231,621,441,9.508638
162740,14,16,3,5,7,17,8,2,1044,1043,128,116,4,10,233,267,20,1140,2871,2872,23,268,26,27,148,30,236,32,33,1510,512,574,2435,2873,1049,207,1768,1382,1141,43,2876,49,1142,2878,2879,2880,2439,514,582,313,2881,2882,1143,2884,2885,64,2886,2887,2442,1037,2510,2888,2890,2891,2892,2893,1145,76,4.657577
33205,15,364,14,5,2,196,8,7,10,17,16,1304,400,26,27,28,29,2861,403,201,38,658,2997,1751,2714,2806,1745,669,43,161,411,855,2862,420,55,56,57,2998,1757,2598,2863,2999,3000,429,2812,3001,3002,2814,2864,2947,3003,2819,2865,440,231,730,441,2866,4.283997
336311,5,3,2,8,7,196,14,16,17,88,20,1832,23,24,400,26,27,445,3368,32,201,33,34,38,207,41,43,411,1833,49,1834,839,53,420,55,56,57,3372,3373,63,426,64,843,454,70,429,3388,73,437,458,3378,76,231,441,8.221849
78778,5,2,3,8,196,7,14,16,17,88,20,89,23,199,400,26,27,445,3368,32,201,33,34,38,207,41,43,411,91,49,3380,839,579,420,55,56,57,3372,3373,63,426,64,3381,843,586,429,3403,73,437,458,3378,76,231,441,8.698970
328123,15,364,14,4,2,5,196,8,10,7,17,16,1304,400,26,27,28,29,30,2861,403,884,38,658,405,2714,2806,1745,669,306,43,161,411,855,2862,420,55,56,57,421,316,317,2863,2945,2946,429,2812,430,2814,2864,2947,2819,2948,2865,440,889,730,1367,2866,3.920819
256957,5,2,3,8,196,7,14,16,17,88,20,89,1832,23,400,26,27,445,3368,32,201,33,34,38,207,41,43,411,91,1833,49,3380,1834,839,420,55,56,57,3372,3373,63,426,64,3381,843,429,3388,73,437,458,3378,76,231,441,8.619789
67006,5,2,3,8,7,196,14,256,16,2109,948,3657,100,802,24,400,26,27,2781,32,201,34,38,41,43,411,6831,2118,3659,6832,2252,53,420,55,56,57,3663,63,426,6908,274,807,70,429,73,437,2787,76,231,441,7.342944
357828,1,4,15,5,14,2,6,8,3,16,10,11,7,17,299,144,902,24,26,27,28,29,30,403,904,303,153,38,405,41,3674,905,43,44,3677,164,906,1988,55,56,57,871,850,421,3682,317,425,1993,5804,852,70,6806,6807,6808,912,440,331,4.917215
559606,14,16,7,256,364,128,8,2013,6,6740,3523,26,27,6809,6810,38,464,6811,2697,3774,6812,2015,161,2016,2017,6814,6827,6816,6828,55,56,57,1207,5641,6818,6819,3527,7197,6820,5744,6821,6822,6823,2701,6824,2022,2023,5.073151
506822,16,333,14,128,9,10,266,196,5,17,8,1304,27,523,3189,1661,2861,574,7018,1272,1071,1662,337,370,270,1768,43,1731,1663,2862,600,2972,7198,7020,7021,1667,4444,7023,7024,2973,7199,7025,6285,7026,1296,7200,2865,7201,1671,5.173925
62407,5,2,3,14,8,16,7,643,13,17,88,20,89,101,802,2867,1193,26,27,148,2781,32,150,202,34,204,38,154,667,41,43,468,91,210,212,803,804,2868,1238,55,56,57,1009,313,1013,2869,381,175,222,2786,224,807,1242,2730,1225,73,506,2787,76,191,2870,6.568636
560204,14,16,7,256,364,128,8,2013,6,6740,3523,26,27,148,6809,6810,38,6811,2014,3774,6812,2015,161,2016,2017,6814,6827,6816,55,56,57,2018,313,7202,6818,6819,3527,7017,6820,2020,6821,6822,6823,2021,6824,2022,2023,5.214204
296907,5,1044,141,1267,1043,196,8,3,7,15,17,10,20,2744,25,28,29,5819,6095,5820,39,1049,5821,6096,43,5823,6097,5824,6098,5827,58,59,60,5828,6099,5829,71,2759,6100,6101,5832,5833,8.886057
31694,15,364,14,2,5,396,196,8,7,10,16,400,26,27,28,1311,2805,201,38,658,617,2714,2806,2807,1745,2808,669,43,161,411,1458,420,55,56,57,749,58,2723,2809,2810,2811,429,2812,2813,2814,2815,2816,2817,2818,2819,2820,231,730,441,2821,3.853872
1110206,16,14,128,4,15,7,196,8,333,5,2,3,11,17,566,197,142,567,20,282,4651,3081,568,23,300,26,27,334,148,5622,368,201,33,904,570,6404,574,155,5274,1198,6924,1591,3671,879,41,625,6925,3675,43,161,285,411,241,577,49,286,7093,7094,6928,907,6929,55,56,342,582,3309,4942,862,1210,6930,6931,584,2029,64,7203,585,6405,6932,6933,6934,6935,6936,6937,3689,5280,3656,4188,6939,6940,5630,391,231,193,6941,6942,883,4.407823
515455,16,14,7,196,5,2,8,3,141,17,1044,1043,522,2744,24,400,26,27,922,201,34,38,1049,41,2747,2748,43,411,2749,2750,2751,53,420,55,56,57,2752,426,3024,70,429,2759,437,2763,2764,936,231,441,9.167491
64982,14,4,10,15,5,2,3,8,7,196,16,17,88,145,3619,24,400,26,27,2222,2766,32,201,34,38,2712,5125,1006,41,1745,160,43,161,411,163,7204,7205,53,420,55,56,57,6844,6845,2726,426,274,70,429,6847,2770,6848,2772,437,7157,76,231,2737,5135,441,4.978397
576763,1,2,5,11,14,3,4,1267,6,16,7,8,9,2219,10,13,2826,3166,2827,1956,101,802,24,26,27,148,30,31,32,2828,34,303,3167,38,1512,2829,2830,2831,41,2832,43,44,469,46,2833,3168,2834,2835,803,804,53,55,56,311,57,7206,61,2836,2837,63,2838,2839,274,2840,6543,807,180,7207,2841,2842,2843,73,2844,76,2845,2846,1531,80,6.468521
116700,5,2,3,8,7,196,14,256,16,17,2109,20,948,3657,100,802,23,24,400,26,27,2781,32,201,33,34,38,41,43,411,6831,49,2118,3659,6832,2252,839,53,420,55,56,57,3663,63,426,64,843,6908,807,70,429,73,437,2787,76,231,441,6.866781
36829,5,3,4,2,14,16,15,8,7,333,10,266,24,26,27,334,523,29,30,445,3503,302,403,34,38,154,2132,337,339,41,530,43,53,55,56,342,57,343,345,535,536,538,3215,3504,3505,541,4632,454,70,546,3299,549,550,3506,457,553,458,3507,330,440,5.136677
1110207,16,14,128,4,15,7,196,8,333,5,2,11,17,566,197,142,567,282,4874,4651,5842,568,300,26,27,334,148,523,5622,368,201,570,6404,574,155,5274,1198,6924,1591,3671,879,207,625,6925,3675,43,161,285,411,241,577,286,6926,6927,6623,6928,6929,55,56,582,862,1210,3680,629,6930,7208,6931,6642,2029,585,635,6405,6932,6933,6934,6935,6936,7209,3689,5280,6938,4188,6939,6940,5630,391,231,193,6941,6942,883,5.214670
560489,14,16,7,256,364,128,8,196,17,6740,282,3523,26,27,148,6809,6810,38,6811,617,3774,6812,161,470,6814,6827,471,6816,55,56,57,749,313,2253,6818,6819,3527,7017,6820,751,6821,6822,6823,6824,621,4.772806
93664,5,2,3,8,196,7,14,16,17,88,20,282,89,802,234,23,400,26,27,445,3368,32,201,33,34,38,617,207,41,43,470,411,91,49,471,3380,1896,1897,839,420,55,56,57,851,618,3372,3373,63,426,64,3381,843,807,429,620,3394,73,437,458,3378,76,231,621,441,9.356547
374753,16,14,7,196,5,2,8,3,17,4,128,333,266,88,20,282,89,100,234,3619,23,400,26,27,2365,445,3368,32,201,33,34,38,4316,6987,2368,4463,270,207,41,1149,1768,340,2369,43,470,411,91,49,471,3380,680,6988,3622,839,420,55,56,57,2379,3372,3373,63,426,64,3381,843,429,6989,6990,6991,6992,4328,3394,73,437,2387,6993,6994,6995,458,3378,76,231,6996,441,6.055517
633315,396,15,10,5,3,2,8,7,196,14,17,16,20,802,234,24,400,26,27,3430,445,3368,2805,201,1614,34,38,6910,6911,207,41,2808,43,411,1616,1896,1897,53,420,55,56,57,6912,3372,3373,6913,2811,6914,454,807,70,429,6915,6916,3394,6917,6918,458,3378,2820,231,441,5.168770
250340,14,4,10,15,5,2,3,8,7,196,16,100,802,3619,24,400,26,27,2222,2766,32,201,34,38,2712,5125,1006,41,1745,160,43,161,411,2252,7210,7211,53,420,55,56,57,6844,6845,2726,426,274,807,70,429,6847,2770,6848,2772,437,7157,76,231,2737,5135,441,6.159267
616924,14,128,4,15,333,16,7,8,196,5,2,197,142,566,3,11,17,567,1304,4651,3081,101,802,568,300,26,27,334,148,7029,368,201,904,570,38,6404,574,155,5274,1198,6924,1591,3671,879,41,625,6925,3675,43,161,411,241,577,7030,7212,7094,803,3086,6928,6929,55,56,342,57,582,3309,4942,862,1210,6930,7032,584,2029,3088,585,807,6405,6932,6933,6934,6935,6936,6937,3689,5280,3656,4188,6939,6940,7033,391,231,193,6942,883,5.075721
306664,10,15,4,5,2,8,1,3,6,11,7,14,16,17,7213,20,902,24,26,27,28,29,30,403,2555,904,38,405,41,3674,905,43,44,7214,2557,906,1988,55,56,57,421,3682,317,425,7215,1993,70,6806,6807,7216,912,440,7217,5.455932
558419,14,16,7,256,364,128,8,1044,1043,6740,1045,3523,26,27,148,6809,6810,1048,38,6811,1049,3774,6812,161,6814,6827,1051,6816,55,56,1722,57,313,7218,6818,6819,1724,3527,7017,6820,1058,6821,6822,6823,6824,4.685821
555500,1044,7,256,14,364,128,8,16,1043,6740,2871,7219,3523,26,27,6809,6810,38,6811,1049,3774,6812,161,7220,6814,7221,7222,6816,55,56,57,6818,6819,3527,6820,2890,6821,6822,6823,6824,3.984957
125933,5,4,2,3,14,8,196,16,7,256,10,17,946,947,948,101,802,292,400,26,27,28,30,32,201,5022,34,38,623,1236,1117,41,1382,43,411,949,950,951,952,803,5864,5775,420,55,56,57,1125,1701,58,885,5859,63,426,5865,113,807,429,1131,3037,5777,5034,437,3038,76,231,441,7.920819
557039,14,16,7,256,364,128,8,142,6740,3523,26,27,6809,6810,38,6811,156,3774,6812,161,162,6814,6827,6816,55,56,57,851,601,6818,6819,3527,6820,610,6821,6822,6823,6824,195,4.820006
93680,5,3,2,128,333,8,7,196,14,16,17,20,23,24,199,400,26,27,334,445,3368,32,201,33,34,38,205,337,338,207,41,340,43,411,49,839,53,420,214,55,56,342,57,343,344,345,3401,3372,3373,63,426,64,843,454,70,3402,429,350,351,3403,73,437,3404,458,3378,76,231,441,9.468521
62449,5,2,3,8,196,7,14,13,17,16,88,20,89,101,802,2867,400,26,27,2781,32,201,202,34,204,38,41,43,468,411,91,210,212,803,804,2868,420,55,56,57,2869,381,426,222,2786,224,807,429,73,519,2787,76,231,2870,441,4.492144
264691,5,2,3,128,14,7,364,16,1267,8,196,17,88,20,282,89,23,24,400,26,27,366,367,32,1047,2828,201,33,81,202,1883,34,204,38,205,5778,41,5779,208,371,43,285,411,91,49,82,210,1884,286,212,839,374,420,55,56,57,378,379,2076,63,5780,381,5781,5782,426,64,382,222,2054,843,274,224,5783,384,429,5784,73,228,5785,5786,2078,389,390,76,1059,2845,231,1979,441,10.522879
559605,14,16,7,256,364,128,8,142,6740,3523,26,27,148,6809,6810,38,6811,156,3774,6812,161,162,6814,6827,6816,55,56,57,1817,313,170,6818,6819,3527,7017,6820,1819,6821,6822,6823,6824,195,5.061084
639990,10,15,4,5,2,8,1,14,6,3,11,7,16,2013,299,902,24,26,27,148,28,29,30,403,904,303,38,2014,405,41,2015,3674,905,43,2016,44,2017,3677,906,1988,55,56,311,57,2018,313,7223,421,3682,317,425,1993,322,70,2020,6806,6807,2021,6808,912,440,2022,331,2023,5.263603
529911,266,5,3,8,2,7,11,6,17,14,16,20,4651,988,23,24,26,27,5247,368,4206,32,989,33,81,34,204,38,339,207,41,43,467,49,82,6850,1419,839,53,55,56,57,6852,5251,1420,994,63,995,6853,64,382,843,274,997,6855,70,4211,6858,6859,6860,388,73,228,5255,391,4212,76,1003,1005,4.640165
592889,4,5,15,2,3,10,14,395,197,128,8,16,7,17,88,20,198,145,101,26,27,200,754,28,651,5893,445,3368,32,402,150,403,81,4833,34,204,1532,336,512,5895,5519,5896,1533,41,756,208,306,43,163,82,4834,1534,953,954,55,56,514,760,761,762,5899,5900,5901,5902,4596,3373,381,5903,348,5904,382,4838,3399,383,5906,764,4841,5907,5908,5909,1537,6113,5911,506,457,766,767,5912,458,3378,76,439,191,440,7.283997
41386,5,2,14,3,15,8,7,196,6,10,16,444,645,24,400,26,27,28,29,368,32,989,201,34,38,5797,7224,1006,41,1745,43,161,467,411,7225,7226,53,420,55,56,57,7227,2767,2598,449,2726,995,426,274,997,70,429,7228,7229,5800,388,2772,437,391,76,1003,231,5801,1005,441,2.958607
967440,16,14,7,2,5,8,3,141,17,1044,1043,128,9,20,144,522,2744,23,199,27,922,1983,33,34,2849,38,574,2745,1049,207,41,1768,1769,2747,2748,43,1770,49,2850,2749,2750,2751,839,579,851,600,2752,2854,64,2754,2851,586,2756,2757,2759,2855,1998,2852,2762,2763,2764,936,2002,2853,8.552842
